{"cameraMode":{"drawMode":0,"name":"Shaded","section":"Shading Mode"},"sceneLighting":true,"audioPlay":false,"sceneViewState":{"showFog":true,"showMaterialUpdate":false,"showSkybox":true,"showFlares":true,"showImageEffects":true,"showParticleSystems":true},"in2DMode":false,"pivot":{"x":2.130890369415283,"y":-2.5336406230926515,"z":-2.179779529571533},"rotation":{"x":0.13159526884555818,"y":0.8669482469558716,"z":-0.3118608891963959,"w":0.365826278924942},"size":6.151381015777588,"orthographic":false}